,month,respiratory_category,percent,parameter,arithmetic_mean,pollution_lag_1,pollution_lag_2,pollution_lag_3
0,2015-10,Broad Acute Respiratory,0.05551561278846154,PM2.5 - Local Conditions,7.562857142857142,,,
1,2015-10,COVID-19,0.0,PM2.5 - Local Conditions,7.562857142857142,,,
2,2015-10,ILI,0.022965950660714284,PM2.5 - Local Conditions,7.562857142857142,,,
3,2015-10,Influenza,0.0006445874423076924,PM2.5 - Local Conditions,7.562857142857142,,,
4,2015-10,RSV,0.00011100405,PM2.5 - Local Conditions,7.562857142857142,,,
9,2015-11,RSV,0.00025996053230769233,PM2.5 - Local Conditions,8.20625,7.562857142857142,,
7,2015-11,ILI,0.02312574862857143,PM2.5 - Local Conditions,8.20625,7.562857142857142,,
8,2015-11,Influenza,0.0007584861692307692,PM2.5 - Local Conditions,8.20625,7.562857142857142,,
5,2015-11,Broad Acute Respiratory,0.07027593527692308,PM2.5 - Local Conditions,8.20625,7.562857142857142,,
6,2015-11,COVID-19,0.0,PM2.5 - Local Conditions,8.20625,7.562857142857142,,
10,2015-12,Broad Acute Respiratory,0.08106290813461539,PM2.5 - Local Conditions,9.126470588235295,8.20625,7.562857142857142,
11,2015-12,COVID-19,0.0,PM2.5 - Local Conditions,9.126470588235295,8.20625,7.562857142857142,
12,2015-12,ILI,0.03219144458928571,PM2.5 - Local Conditions,9.126470588235295,8.20625,7.562857142857142,
13,2015-12,Influenza,0.0012363863846153846,PM2.5 - Local Conditions,9.126470588235295,8.20625,7.562857142857142,
14,2015-12,RSV,0.0014153316346153847,PM2.5 - Local Conditions,9.126470588235295,8.20625,7.562857142857142,
19,2016-01,RSV,0.0018051688415384615,PM2.5 - Local Conditions,10.58974358974359,9.126470588235295,8.20625,7.562857142857142
18,2016-01,Influenza,0.0026631951846153848,PM2.5 - Local Conditions,10.58974358974359,9.126470588235295,8.20625,7.562857142857142
15,2016-01,Broad Acute Respiratory,0.08643274264615385,PM2.5 - Local Conditions,10.58974358974359,9.126470588235295,8.20625,7.562857142857142
16,2016-01,COVID-19,0.0,PM2.5 - Local Conditions,10.58974358974359,9.126470588235295,8.20625,7.562857142857142
17,2016-01,ILI,0.033125199185714285,PM2.5 - Local Conditions,10.58974358974359,9.126470588235295,8.20625,7.562857142857142
20,2016-02,Broad Acute Respiratory,0.10269996099999999,PM2.5 - Local Conditions,9.522222222222224,10.58974358974359,9.126470588235295,8.20625
21,2016-02,COVID-19,0.0,PM2.5 - Local Conditions,9.522222222222224,10.58974358974359,9.126470588235295,8.20625
22,2016-02,ILI,0.04904625478571428,PM2.5 - Local Conditions,9.522222222222224,10.58974358974359,9.126470588235295,8.20625
23,2016-02,Influenza,0.01018910575,PM2.5 - Local Conditions,9.522222222222224,10.58974358974359,9.126470588235295,8.20625
24,2016-02,RSV,0.001709760346153846,PM2.5 - Local Conditions,9.522222222222224,10.58974358974359,9.126470588235295,8.20625
25,2016-03,Broad Acute Respiratory,0.08758564719607843,PM2.5 - Local Conditions,6.9875,9.522222222222224,10.58974358974359,9.126470588235295
26,2016-03,COVID-19,0.0,PM2.5 - Local Conditions,6.9875,9.522222222222224,10.58974358974359,9.126470588235295
27,2016-03,ILI,0.036245861345454544,PM2.5 - Local Conditions,6.9875,9.522222222222224,10.58974358974359,9.126470588235295
28,2016-03,Influenza,0.0063030267450980395,PM2.5 - Local Conditions,6.9875,9.522222222222224,10.58974358974359,9.126470588235295
29,2016-03,RSV,0.0007888509607843138,PM2.5 - Local Conditions,6.9875,9.522222222222224,10.58974358974359,9.126470588235295
34,2016-04,RSV,0.00038391582352941174,PM2.5 - Local Conditions,9.287878787878787,6.9875,9.522222222222224,10.58974358974359
32,2016-04,ILI,0.022376918127272726,PM2.5 - Local Conditions,9.287878787878787,6.9875,9.522222222222224,10.58974358974359
33,2016-04,Influenza,0.0016130464705882354,PM2.5 - Local Conditions,9.287878787878787,6.9875,9.522222222222224,10.58974358974359
30,2016-04,Broad Acute Respiratory,0.0654183066862745,PM2.5 - Local Conditions,9.287878787878787,6.9875,9.522222222222224,10.58974358974359
31,2016-04,COVID-19,0.0,PM2.5 - Local Conditions,9.287878787878787,6.9875,9.522222222222224,10.58974358974359
35,2016-05,Broad Acute Respiratory,0.06043107536923077,PM2.5 - Local Conditions,8.054285714285715,9.287878787878787,6.9875,9.522222222222224
36,2016-05,COVID-19,0.0,PM2.5 - Local Conditions,8.054285714285715,9.287878787878787,6.9875,9.522222222222224
37,2016-05,ILI,0.015365618400000001,PM2.5 - Local Conditions,8.054285714285715,9.287878787878787,6.9875,9.522222222222224
38,2016-05,Influenza,0.00048782253846153844,PM2.5 - Local Conditions,8.054285714285715,9.287878787878787,6.9875,9.522222222222224
39,2016-05,RSV,4.545673846153846e-05,PM2.5 - Local Conditions,8.054285714285715,9.287878787878787,6.9875,9.522222222222224
40,2016-06,Broad Acute Respiratory,0.058183014653846156,PM2.5 - Local Conditions,8.057575757575757,8.054285714285715,9.287878787878787,6.9875
41,2016-06,COVID-19,0.0,PM2.5 - Local Conditions,8.057575757575757,8.054285714285715,9.287878787878787,6.9875
42,2016-06,ILI,0.015228775589285714,PM2.5 - Local Conditions,8.057575757575757,8.054285714285715,9.287878787878787,6.9875
43,2016-06,Influenza,0.0002723670903846154,PM2.5 - Local Conditions,8.057575757575757,8.054285714285715,9.287878787878787,6.9875
44,2016-06,RSV,4.330039423076923e-05,PM2.5 - Local Conditions,8.057575757575757,8.054285714285715,9.287878787878787,6.9875
49,2016-07,RSV,0.0,PM2.5 - Local Conditions,9.379411764705882,8.057575757575757,8.054285714285715,9.287878787878787
47,2016-07,ILI,0.012347040942028986,PM2.5 - Local Conditions,9.379411764705882,8.057575757575757,8.054285714285715,9.287878787878787
48,2016-07,Influenza,6.57410921875e-05,PM2.5 - Local Conditions,9.379411764705882,8.057575757575757,8.054285714285715,9.287878787878787
45,2016-07,Broad Acute Respiratory,0.05260646034375,PM2.5 - Local Conditions,9.379411764705882,8.057575757575757,8.054285714285715,9.287878787878787
46,2016-07,COVID-19,0.0,PM2.5 - Local Conditions,9.379411764705882,8.057575757575757,8.054285714285715,9.287878787878787
50,2016-08,Broad Acute Respiratory,0.05629422069230769,PM2.5 - Local Conditions,8.935294117647059,9.379411764705882,8.057575757575757,8.054285714285715
51,2016-08,COVID-19,0.0,PM2.5 - Local Conditions,8.935294117647059,9.379411764705882,8.057575757575757,8.054285714285715
52,2016-08,ILI,0.011182665071428571,PM2.5 - Local Conditions,8.935294117647059,9.379411764705882,8.057575757575757,8.054285714285715
53,2016-08,Influenza,0.00019299192692307692,PM2.5 - Local Conditions,8.935294117647059,9.379411764705882,8.057575757575757,8.054285714285715
54,2016-08,RSV,0.0,PM2.5 - Local Conditions,8.935294117647059,9.379411764705882,8.057575757575757,8.054285714285715
56,2016-09,COVID-19,0.0,PM2.5 - Local Conditions,6.917647058823529,8.935294117647059,9.379411764705882,8.057575757575757
55,2016-09,Broad Acute Respiratory,0.07589299471153846,PM2.5 - Local Conditions,6.917647058823529,8.935294117647059,9.379411764705882,8.057575757575757
57,2016-09,ILI,0.01681585680357143,PM2.5 - Local Conditions,6.917647058823529,8.935294117647059,9.379411764705882,8.057575757575757
58,2016-09,Influenza,0.00044133426923076923,PM2.5 - Local Conditions,6.917647058823529,8.935294117647059,9.379411764705882,8.057575757575757
59,2016-09,RSV,2.8413011538461535e-05,PM2.5 - Local Conditions,6.917647058823529,8.935294117647059,9.379411764705882,8.057575757575757
62,2016-10,ILI,0.019984472942857143,PM2.5 - Local Conditions,7.403225806451613,6.917647058823529,8.935294117647059,9.379411764705882
63,2016-10,Influenza,0.0009803600923076923,PM2.5 - Local Conditions,7.403225806451613,6.917647058823529,8.935294117647059,9.379411764705882
60,2016-10,Broad Acute Respiratory,0.09024253601538461,PM2.5 - Local Conditions,7.403225806451613,6.917647058823529,8.935294117647059,9.379411764705882
61,2016-10,COVID-19,0.0,PM2.5 - Local Conditions,7.403225806451613,6.917647058823529,8.935294117647059,9.379411764705882
64,2016-10,RSV,0.00015446363846153847,PM2.5 - Local Conditions,7.403225806451613,6.917647058823529,8.935294117647059,9.379411764705882
69,2016-11,RSV,0.0005891957588235294,PM2.5 - Local Conditions,11.814705882352941,7.403225806451613,6.917647058823529,8.935294117647059
67,2016-11,ILI,0.023958640163636365,PM2.5 - Local Conditions,11.814705882352941,7.403225806451613,6.917647058823529,8.935294117647059
68,2016-11,Influenza,0.0012256720980392158,PM2.5 - Local Conditions,11.814705882352941,7.403225806451613,6.917647058823529,8.935294117647059
66,2016-11,COVID-19,0.0,PM2.5 - Local Conditions,11.814705882352941,7.403225806451613,6.917647058823529,8.935294117647059
65,2016-11,Broad Acute Respiratory,0.11172731856862746,PM2.5 - Local Conditions,11.814705882352941,7.403225806451613,6.917647058823529,8.935294117647059
70,2016-12,Broad Acute Respiratory,0.11701300351923077,PM2.5 - Local Conditions,7.7303030303030305,11.814705882352941,7.403225806451613,6.917647058823529
71,2016-12,COVID-19,0.0,PM2.5 - Local Conditions,7.7303030303030305,11.814705882352941,7.403225806451613,6.917647058823529
72,2016-12,ILI,0.029140478571428572,PM2.5 - Local Conditions,7.7303030303030305,11.814705882352941,7.403225806451613,6.917647058823529
73,2016-12,Influenza,0.002339761576923077,PM2.5 - Local Conditions,7.7303030303030305,11.814705882352941,7.403225806451613,6.917647058823529
74,2016-12,RSV,0.0016605725384615385,PM2.5 - Local Conditions,7.7303030303030305,11.814705882352941,7.403225806451613,6.917647058823529
79,2017-01,RSV,0.0028252878461538463,PM2.5 - Local Conditions,10.735135135135135,7.7303030303030305,11.814705882352941,7.403225806451613
78,2017-01,Influenza,0.007589388553846154,PM2.5 - Local Conditions,10.735135135135135,7.7303030303030305,11.814705882352941,7.403225806451613
77,2017-01,ILI,0.03298374772857143,PM2.5 - Local Conditions,10.735135135135135,7.7303030303030305,11.814705882352941,7.403225806451613
76,2017-01,COVID-19,0.0,PM2.5 - Local Conditions,10.735135135135135,7.7303030303030305,11.814705882352941,7.403225806451613
75,2017-01,Broad Acute Respiratory,0.12371320127692309,PM2.5 - Local Conditions,10.735135135135135,7.7303030303030305,11.814705882352941,7.403225806451613
80,2017-02,Broad Acute Respiratory,0.15232218423529412,PM2.5 - Local Conditions,9.232142857142858,10.735135135135135,7.7303030303030305,11.814705882352941
81,2017-02,COVID-19,0.0,PM2.5 - Local Conditions,9.232142857142858,10.735135135135135,7.7303030303030305,11.814705882352941
82,2017-02,ILI,0.04793643601818182,PM2.5 - Local Conditions,9.232142857142858,10.735135135135135,7.7303030303030305,11.814705882352941
83,2017-02,Influenza,0.02089726931372549,PM2.5 - Local Conditions,9.232142857142858,10.735135135135135,7.7303030303030305,11.814705882352941
84,2017-02,RSV,0.001963908649019608,PM2.5 - Local Conditions,9.232142857142858,10.735135135135135,7.7303030303030305,11.814705882352941
89,2017-03,RSV,0.0010985690588235294,PM2.5 - Local Conditions,6.753125,9.232142857142858,10.735135135135135,7.7303030303030305
88,2017-03,Influenza,0.015462503647058826,PM2.5 - Local Conditions,6.753125,9.232142857142858,10.735135135135135,7.7303030303030305
85,2017-03,Broad Acute Respiratory,0.131681061,PM2.5 - Local Conditions,6.753125,9.232142857142858,10.735135135135135,7.7303030303030305
86,2017-03,COVID-19,0.0,PM2.5 - Local Conditions,6.753125,9.232142857142858,10.735135135135135,7.7303030303030305
87,2017-03,ILI,0.04121745574545455,PM2.5 - Local Conditions,6.753125,9.232142857142858,10.735135135135135,7.7303030303030305
90,2017-04,Broad Acute Respiratory,0.10090502118461539,PM2.5 - Local Conditions,6.974285714285714,6.753125,9.232142857142858,10.735135135135135
91,2017-04,COVID-19,0.0,PM2.5 - Local Conditions,6.974285714285714,6.753125,9.232142857142858,10.735135135135135
92,2017-04,ILI,0.0240973976,PM2.5 - Local Conditions,6.974285714285714,6.753125,9.232142857142858,10.735135135135135
93,2017-04,Influenza,0.004703498446153846,PM2.5 - Local Conditions,6.974285714285714,6.753125,9.232142857142858,10.735135135135135
94,2017-04,RSV,0.0004181788261538462,PM2.5 - Local Conditions,6.974285714285714,6.753125,9.232142857142858,10.735135135135135
95,2017-05,Broad Acute Respiratory,0.08744535862745098,PM2.5 - Local Conditions,6.764864864864865,6.974285714285714,6.753125,9.232142857142858
96,2017-05,COVID-19,0.0,PM2.5 - Local Conditions,6.764864864864865,6.974285714285714,6.753125,9.232142857142858
97,2017-05,ILI,0.02026701718181818,PM2.5 - Local Conditions,6.764864864864865,6.974285714285714,6.753125,9.232142857142858
98,2017-05,Influenza,0.0008477051960784313,PM2.5 - Local Conditions,6.764864864864865,6.974285714285714,6.753125,9.232142857142858
99,2017-05,RSV,0.00011707607254901961,PM2.5 - Local Conditions,6.764864864864865,6.974285714285714,6.753125,9.232142857142858
103,2017-06,Influenza,0.00027792876666666666,PM2.5 - Local Conditions,8.217647058823529,6.764864864864865,6.974285714285714,6.753125
104,2017-06,RSV,4.3660235294117644e-05,PM2.5 - Local Conditions,8.217647058823529,6.764864864864865,6.974285714285714,6.753125
102,2017-06,ILI,0.014584495945454546,PM2.5 - Local Conditions,8.217647058823529,6.764864864864865,6.974285714285714,6.753125
101,2017-06,COVID-19,0.0,PM2.5 - Local Conditions,8.217647058823529,6.764864864864865,6.974285714285714,6.753125
100,2017-06,Broad Acute Respiratory,0.0895763608627451,PM2.5 - Local Conditions,8.217647058823529,6.764864864864865,6.974285714285714,6.753125
105,2017-07,Broad Acute Respiratory,0.053769526140624996,PM2.5 - Local Conditions,9.694285714285714,8.217647058823529,6.764864864864865,6.974285714285714
106,2017-07,COVID-19,0.0,PM2.5 - Local Conditions,9.694285714285714,8.217647058823529,6.764864864864865,6.974285714285714
107,2017-07,ILI,0.011162708217391303,PM2.5 - Local Conditions,9.694285714285714,8.217647058823529,6.764864864864865,6.974285714285714
108,2017-07,Influenza,0.0003116761359375,PM2.5 - Local Conditions,9.694285714285714,8.217647058823529,6.764864864864865,6.974285714285714
109,2017-07,RSV,1.0824171875e-05,PM2.5 - Local Conditions,9.694285714285714,8.217647058823529,6.764864864864865,6.974285714285714
110,2017-08,Broad Acute Respiratory,0.06602182140384615,PM2.5 - Local Conditions,9.670588235294119,9.694285714285714,8.217647058823529,6.764864864864865
111,2017-08,COVID-19,0.0,PM2.5 - Local Conditions,9.670588235294119,9.694285714285714,8.217647058823529,6.764864864864865
112,2017-08,ILI,0.011448556839285714,PM2.5 - Local Conditions,9.670588235294119,9.694285714285714,8.217647058823529,6.764864864864865
113,2017-08,Influenza,0.00017166459423076925,PM2.5 - Local Conditions,9.670588235294119,9.694285714285714,8.217647058823529,6.764864864864865
114,2017-08,RSV,0.00016638014038461538,PM2.5 - Local Conditions,9.670588235294119,9.694285714285714,8.217647058823529,6.764864864864865
118,2017-09,Influenza,0.0005701008615384616,PM2.5 - Local Conditions,10.378787878787879,9.670588235294119,9.694285714285714,8.217647058823529
117,2017-09,ILI,0.017427487714285716,PM2.5 - Local Conditions,10.378787878787879,9.670588235294119,9.694285714285714,8.217647058823529
119,2017-09,RSV,0.0001381779076923077,PM2.5 - Local Conditions,10.378787878787879,9.670588235294119,9.694285714285714,8.217647058823529
115,2017-09,Broad Acute Respiratory,0.09007714484615385,PM2.5 - Local Conditions,10.378787878787879,9.670588235294119,9.694285714285714,8.217647058823529
116,2017-09,COVID-19,0.0,PM2.5 - Local Conditions,10.378787878787879,9.670588235294119,9.694285714285714,8.217647058823529
120,2017-10,Broad Acute Respiratory,0.09581274284615385,PM2.5 - Local Conditions,5.678787878787879,10.378787878787879,9.670588235294119,9.694285714285714
121,2017-10,COVID-19,0.0,PM2.5 - Local Conditions,5.678787878787879,10.378787878787879,9.670588235294119,9.694285714285714
122,2017-10,ILI,0.0189655593,PM2.5 - Local Conditions,5.678787878787879,10.378787878787879,9.670588235294119,9.694285714285714
123,2017-10,Influenza,0.0007376523384615384,PM2.5 - Local Conditions,5.678787878787879,10.378787878787879,9.670588235294119,9.694285714285714
124,2017-10,RSV,0.0005605939246153847,PM2.5 - Local Conditions,5.678787878787879,10.378787878787879,9.670588235294119,9.694285714285714
129,2017-11,RSV,0.0025436307307692306,PM2.5 - Local Conditions,8.446875,5.678787878787879,10.378787878787879,9.670588235294119
128,2017-11,Influenza,0.001727372903846154,PM2.5 - Local Conditions,8.446875,5.678787878787879,10.378787878787879,9.670588235294119
126,2017-11,COVID-19,0.0,PM2.5 - Local Conditions,8.446875,5.678787878787879,10.378787878787879,9.670588235294119
125,2017-11,Broad Acute Respiratory,0.11997854621153846,PM2.5 - Local Conditions,8.446875,5.678787878787879,10.378787878787879,9.670588235294119
127,2017-11,ILI,0.024590410267857143,PM2.5 - Local Conditions,8.446875,5.678787878787879,10.378787878787879,9.670588235294119
133,2017-12,Influenza,0.024575846600000003,PM2.5 - Local Conditions,11.085294117647058,8.446875,5.678787878787879,10.378787878787879
130,2017-12,Broad Acute Respiratory,0.17608291638461537,PM2.5 - Local Conditions,11.085294117647058,8.446875,5.678787878787879,10.378787878787879
131,2017-12,COVID-19,0.0,PM2.5 - Local Conditions,11.085294117647058,8.446875,5.678787878787879,10.378787878787879
132,2017-12,ILI,0.05373534094285714,PM2.5 - Local Conditions,11.085294117647058,8.446875,5.678787878787879,10.378787878787879
134,2017-12,RSV,0.0056904021230769234,PM2.5 - Local Conditions,11.085294117647058,8.446875,5.678787878787879,10.378787878787879
139,2018-01,RSV,0.004626226976923077,PM2.5 - Local Conditions,11.15,11.085294117647058,8.446875,5.678787878787879
137,2018-01,ILI,0.06922430098214286,PM2.5 - Local Conditions,11.15,11.085294117647058,8.446875,5.678787878787879
138,2018-01,Influenza,0.05103640067307692,PM2.5 - Local Conditions,11.15,11.085294117647058,8.446875,5.678787878787879
136,2018-01,COVID-19,0.0,PM2.5 - Local Conditions,11.15,11.085294117647058,8.446875,5.678787878787879
135,2018-01,Broad Acute Respiratory,0.20051303223076924,PM2.5 - Local Conditions,11.15,11.085294117647058,8.446875,5.678787878787879
140,2018-02,Broad Acute Respiratory,0.17246939623076923,PM2.5 - Local Conditions,10.325925925925926,11.15,11.085294117647058,8.446875
141,2018-02,COVID-19,0.0,PM2.5 - Local Conditions,10.325925925925926,11.15,11.085294117647058,8.446875
142,2018-02,ILI,0.05578337676785715,PM2.5 - Local Conditions,10.325925925925926,11.15,11.085294117647058,8.446875
143,2018-02,Influenza,0.03441636575,PM2.5 - Local Conditions,10.325925925925926,11.15,11.085294117647058,8.446875
144,2018-02,RSV,0.0028324945576923073,PM2.5 - Local Conditions,10.325925925925926,11.15,11.085294117647058,8.446875
145,2018-03,Broad Acute Respiratory,0.13792264715384614,PM2.5 - Local Conditions,6.453125,10.325925925925926,11.15,11.085294117647058
146,2018-03,COVID-19,0.0,PM2.5 - Local Conditions,6.453125,10.325925925925926,11.15,11.085294117647058
147,2018-03,ILI,0.03340389294642857,PM2.5 - Local Conditions,6.453125,10.325925925925926,11.15,11.085294117647058
148,2018-03,Influenza,0.01270276721153846,PM2.5 - Local Conditions,6.453125,10.325925925925926,11.15,11.085294117647058
149,2018-03,RSV,0.001838848673076923,PM2.5 - Local Conditions,6.453125,10.325925925925926,11.15,11.085294117647058
153,2018-04,Influenza,0.004797186461538461,PM2.5 - Local Conditions,7.441935483870967,6.453125,10.325925925925926,11.15
152,2018-04,ILI,0.02281405562857143,PM2.5 - Local Conditions,7.441935483870967,6.453125,10.325925925925926,11.15
154,2018-04,RSV,0.0009183661230769231,PM2.5 - Local Conditions,7.441935483870967,6.453125,10.325925925925926,11.15
150,2018-04,Broad Acute Respiratory,0.1324795761846154,PM2.5 - Local Conditions,7.441935483870967,6.453125,10.325925925925926,11.15
151,2018-04,COVID-19,0.0,PM2.5 - Local Conditions,7.441935483870967,6.453125,10.325925925925926,11.15
155,2018-05,Broad Acute Respiratory,0.0996099392745098,PM2.5 - Local Conditions,8.775,7.441935483870967,6.453125,10.325925925925926
156,2018-05,COVID-19,0.0,PM2.5 - Local Conditions,8.775,7.441935483870967,6.453125,10.325925925925926
157,2018-05,ILI,0.017536911818181816,PM2.5 - Local Conditions,8.775,7.441935483870967,6.453125,10.325925925925926
158,2018-05,Influenza,0.0007553515098039215,PM2.5 - Local Conditions,8.775,7.441935483870967,6.453125,10.325925925925926
159,2018-05,RSV,0.00041953093333333335,PM2.5 - Local Conditions,8.775,7.441935483870967,6.453125,10.325925925925926
164,2018-06,RSV,0.00025480020576923077,PM2.5 - Local Conditions,8.873529411764705,8.775,7.441935483870967,6.453125
163,2018-06,Influenza,0.0002715906884615385,PM2.5 - Local Conditions,8.873529411764705,8.775,7.441935483870967,6.453125
162,2018-06,ILI,0.015365572964285715,PM2.5 - Local Conditions,8.873529411764705,8.775,7.441935483870967,6.453125
160,2018-06,Broad Acute Respiratory,0.10939698198076922,PM2.5 - Local Conditions,8.873529411764705,8.775,7.441935483870967,6.453125
161,2018-06,COVID-19,0.0,PM2.5 - Local Conditions,8.873529411764705,8.775,7.441935483870967,6.453125
165,2018-07,Broad Acute Respiratory,0.08098104275384616,PM2.5 - Local Conditions,10.260526315789473,8.873529411764705,8.775,7.441935483870967
166,2018-07,COVID-19,0.0,PM2.5 - Local Conditions,10.260526315789473,8.873529411764705,8.775,7.441935483870967
167,2018-07,ILI,0.011481584942857143,PM2.5 - Local Conditions,10.260526315789473,8.873529411764705,8.775,7.441935483870967
168,2018-07,Influenza,7.94470676923077e-05,PM2.5 - Local Conditions,10.260526315789473,8.873529411764705,8.775,7.441935483870967
169,2018-07,RSV,8.853243846153846e-05,PM2.5 - Local Conditions,10.260526315789473,8.873529411764705,8.775,7.441935483870967
174,2018-08,RSV,0.00017405875686274508,PM2.5 - Local Conditions,11.514705882352942,10.260526315789473,8.873529411764705,8.775
173,2018-08,Influenza,2.2718043137254902e-05,PM2.5 - Local Conditions,11.514705882352942,10.260526315789473,8.873529411764705,8.775
172,2018-08,ILI,0.011404552509090908,PM2.5 - Local Conditions,11.514705882352942,10.260526315789473,8.873529411764705,8.775
171,2018-08,COVID-19,0.0,PM2.5 - Local Conditions,11.514705882352942,10.260526315789473,8.873529411764705,8.775
170,2018-08,Broad Acute Respiratory,0.07837782688235294,PM2.5 - Local Conditions,11.514705882352942,10.260526315789473,8.873529411764705,8.775
175,2018-09,Broad Acute Respiratory,0.093338309765625,PM2.5 - Local Conditions,7.477142857142857,11.514705882352942,10.260526315789473,8.873529411764705
176,2018-09,COVID-19,0.0,PM2.5 - Local Conditions,7.477142857142857,11.514705882352942,10.260526315789473,8.873529411764705
177,2018-09,ILI,0.015073424304347827,PM2.5 - Local Conditions,7.477142857142857,11.514705882352942,10.260526315789473,8.873529411764705
178,2018-09,Influenza,0.00035012362812499997,PM2.5 - Local Conditions,7.477142857142857,11.514705882352942,10.260526315789473,8.873529411764705
179,2018-09,RSV,0.0002632192875,PM2.5 - Local Conditions,7.477142857142857,11.514705882352942,10.260526315789473,8.873529411764705
184,2018-10,RSV,0.00122798174,PM2.5 - Local Conditions,6.99375,7.477142857142857,11.514705882352942,10.260526315789473
183,2018-10,Influenza,0.000746941062,PM2.5 - Local Conditions,6.99375,7.477142857142857,11.514705882352942,10.260526315789473
182,2018-10,ILI,0.020397439574074073,PM2.5 - Local Conditions,6.99375,7.477142857142857,11.514705882352942,10.260526315789473
181,2018-10,COVID-19,0.0,PM2.5 - Local Conditions,6.99375,7.477142857142857,11.514705882352942,10.260526315789473
180,2018-10,Broad Acute Respiratory,0.11727594526000001,PM2.5 - Local Conditions,6.99375,7.477142857142857,11.514705882352942,10.260526315789473
185,2018-11,Broad Acute Respiratory,0.12991602002,PM2.5 - Local Conditions,10.192,6.99375,7.477142857142857,11.514705882352942
186,2018-11,COVID-19,0.0,PM2.5 - Local Conditions,10.192,6.99375,7.477142857142857,11.514705882352942
187,2018-11,ILI,0.026016932685185186,PM2.5 - Local Conditions,10.192,6.99375,7.477142857142857,11.514705882352942
188,2018-11,Influenza,0.0015787627200000002,PM2.5 - Local Conditions,10.192,6.99375,7.477142857142857,11.514705882352942
189,2018-11,RSV,0.00254945548,PM2.5 - Local Conditions,10.192,6.99375,7.477142857142857,11.514705882352942
194,2018-12,RSV,0.007745963435483871,PM2.5 - Local Conditions,13.397297297297296,10.192,6.99375,7.477142857142857
193,2018-12,Influenza,0.007009635241935484,PM2.5 - Local Conditions,13.397297297297296,10.192,6.99375,7.477142857142857
190,2018-12,Broad Acute Respiratory,0.15755134369354837,PM2.5 - Local Conditions,13.397297297297296,10.192,6.99375,7.477142857142857
191,2018-12,COVID-19,0.0,PM2.5 - Local Conditions,13.397297297297296,10.192,6.99375,7.477142857142857
192,2018-12,ILI,0.032469575268656715,PM2.5 - Local Conditions,13.397297297297296,10.192,6.99375,7.477142857142857
195,2019-01,Broad Acute Respiratory,0.15353604119607842,PM2.5 - Local Conditions,10.027586206896553,13.397297297297296,10.192,6.99375
196,2019-01,COVID-19,0.0,PM2.5 - Local Conditions,10.027586206896553,13.397297297297296,10.192,6.99375
197,2019-01,ILI,0.03425278234545455,PM2.5 - Local Conditions,10.027586206896553,13.397297297297296,10.192,6.99375
198,2019-01,Influenza,0.02044436419607843,PM2.5 - Local Conditions,10.027586206896553,13.397297297297296,10.192,6.99375
199,2019-01,RSV,0.0058409394117647055,PM2.5 - Local Conditions,10.027586206896553,13.397297297297296,10.192,6.99375
200,2019-02,Broad Acute Respiratory,0.14042131730612245,PM2.5 - Local Conditions,11.678571428571429,10.027586206896553,13.397297297297296,10.192
201,2019-02,COVID-19,0.0,PM2.5 - Local Conditions,11.678571428571429,10.027586206896553,13.397297297297296,10.192
202,2019-02,ILI,0.030018331301886792,PM2.5 - Local Conditions,11.678571428571429,10.027586206896553,13.397297297297296,10.192
203,2019-02,Influenza,0.02030775963265306,PM2.5 - Local Conditions,11.678571428571429,10.027586206896553,13.397297297297296,10.192
204,2019-02,RSV,0.0025056160612244895,PM2.5 - Local Conditions,11.678571428571429,10.027586206896553,13.397297297297296,10.192
208,2019-03,Influenza,0.020764066444444444,PM2.5 - Local Conditions,8.720689655172414,11.678571428571429,10.027586206896553,13.397297297297296
209,2019-03,RSV,0.0013386792857142857,PM2.5 - Local Conditions,8.720689655172414,11.678571428571429,10.027586206896553,13.397297297297296
207,2019-03,ILI,0.0336862,PM2.5 - Local Conditions,8.720689655172414,11.678571428571429,10.027586206896553,13.397297297297296
206,2019-03,COVID-19,0.0,PM2.5 - Local Conditions,8.720689655172414,11.678571428571429,10.027586206896553,13.397297297297296
205,2019-03,Broad Acute Respiratory,0.14597398085714286,PM2.5 - Local Conditions,8.720689655172414,11.678571428571429,10.027586206896553,13.397297297297296
210,2019-04,Broad Acute Respiratory,0.11632607582352941,PM2.5 - Local Conditions,7.438235294117647,8.720689655172414,11.678571428571429,10.027586206896553
211,2019-04,COVID-19,0.0,PM2.5 - Local Conditions,7.438235294117647,8.720689655172414,11.678571428571429,10.027586206896553
212,2019-04,ILI,0.023164742927272726,PM2.5 - Local Conditions,7.438235294117647,8.720689655172414,11.678571428571429,10.027586206896553
213,2019-04,Influenza,0.009316904470588236,PM2.5 - Local Conditions,7.438235294117647,8.720689655172414,11.678571428571429,10.027586206896553
214,2019-04,RSV,0.00023058143137254903,PM2.5 - Local Conditions,7.438235294117647,8.720689655172414,11.678571428571429,10.027586206896553
219,2019-05,RSV,0.00019105255384615385,PM2.5 - Local Conditions,6.571428571428571,7.438235294117647,8.720689655172414,11.678571428571429
218,2019-05,Influenza,0.0020608087692307693,PM2.5 - Local Conditions,6.571428571428571,7.438235294117647,8.720689655172414,11.678571428571429
217,2019-05,ILI,0.01926532535714286,PM2.5 - Local Conditions,6.571428571428571,7.438235294117647,8.720689655172414,11.678571428571429
216,2019-05,COVID-19,0.0,PM2.5 - Local Conditions,6.571428571428571,7.438235294117647,8.720689655172414,11.678571428571429
215,2019-05,Broad Acute Respiratory,0.1041743829423077,PM2.5 - Local Conditions,6.571428571428571,7.438235294117647,8.720689655172414,11.678571428571429
220,2019-06,Broad Acute Respiratory,0.092714956546875,PM2.5 - Local Conditions,7.945714285714287,6.571428571428571,7.438235294117647,8.720689655172414
221,2019-06,COVID-19,0.0,PM2.5 - Local Conditions,7.945714285714287,6.571428571428571,7.438235294117647,8.720689655172414
222,2019-06,ILI,0.014944132420289856,PM2.5 - Local Conditions,7.945714285714287,6.571428571428571,7.438235294117647,8.720689655172414
223,2019-06,Influenza,0.0006618041125,PM2.5 - Local Conditions,7.945714285714287,6.571428571428571,7.438235294117647,8.720689655172414
224,2019-06,RSV,0.00011678514375,PM2.5 - Local Conditions,7.945714285714287,6.571428571428571,7.438235294117647,8.720689655172414
229,2019-07,RSV,1.7080623076923077e-05,PM2.5 - Local Conditions,11.219999999999999,7.945714285714287,6.571428571428571,7.438235294117647
228,2019-07,Influenza,0.0003339733019230769,PM2.5 - Local Conditions,11.219999999999999,7.945714285714287,6.571428571428571,7.438235294117647
225,2019-07,Broad Acute Respiratory,0.0713940693076923,PM2.5 - Local Conditions,11.219999999999999,7.945714285714287,6.571428571428571,7.438235294117647
226,2019-07,COVID-19,0.0,PM2.5 - Local Conditions,11.219999999999999,7.945714285714287,6.571428571428571,7.438235294117647
227,2019-07,ILI,0.010508498767857142,PM2.5 - Local Conditions,11.219999999999999,7.945714285714287,6.571428571428571,7.438235294117647
230,2019-08,Broad Acute Respiratory,0.07666150051923076,PM2.5 - Local Conditions,7.6674999999999995,11.219999999999999,7.945714285714287,6.571428571428571
231,2019-08,COVID-19,0.0,PM2.5 - Local Conditions,7.6674999999999995,11.219999999999999,7.945714285714287,6.571428571428571
232,2019-08,ILI,0.010329798160714287,PM2.5 - Local Conditions,7.6674999999999995,11.219999999999999,7.945714285714287,6.571428571428571
233,2019-08,Influenza,0.00030639044230769234,PM2.5 - Local Conditions,7.6674999999999995,11.219999999999999,7.945714285714287,6.571428571428571
234,2019-08,RSV,5.8297778846153845e-05,PM2.5 - Local Conditions,7.6674999999999995,11.219999999999999,7.945714285714287,6.571428571428571
235,2019-09,Broad Acute Respiratory,0.10202937931578948,PM2.5 - Local Conditions,8.02258064516129,7.6674999999999995,11.219999999999999,7.945714285714287
236,2019-09,COVID-19,0.0,PM2.5 - Local Conditions,8.02258064516129,7.6674999999999995,11.219999999999999,7.945714285714287
237,2019-09,ILI,0.01590996950617284,PM2.5 - Local Conditions,8.02258064516129,7.6674999999999995,11.219999999999999,7.945714285714287
238,2019-09,Influenza,0.0006803125789473684,PM2.5 - Local Conditions,8.02258064516129,7.6674999999999995,11.219999999999999,7.945714285714287
239,2019-09,RSV,0.00011225997236842106,PM2.5 - Local Conditions,8.02258064516129,7.6674999999999995,11.219999999999999,7.945714285714287
244,2019-10,RSV,0.0005969098950980392,PM2.5 - Local Conditions,5.880952380952381,8.02258064516129,7.6674999999999995,11.219999999999999
243,2019-10,Influenza,0.0007776483039215687,PM2.5 - Local Conditions,5.880952380952381,8.02258064516129,7.6674999999999995,11.219999999999999
241,2019-10,COVID-19,0.0,PM2.5 - Local Conditions,5.880952380952381,8.02258064516129,7.6674999999999995,11.219999999999999
240,2019-10,Broad Acute Respiratory,0.1271129218235294,PM2.5 - Local Conditions,5.880952380952381,8.02258064516129,7.6674999999999995,11.219999999999999
242,2019-10,ILI,0.016704649216981133,PM2.5 - Local Conditions,5.880952380952381,8.02258064516129,7.6674999999999995,11.219999999999999
245,2019-11,Broad Acute Respiratory,0.125765866,PM2.5 - Local Conditions,10.668181818181818,5.880952380952381,8.02258064516129,7.6674999999999995
246,2019-11,COVID-19,0.0,PM2.5 - Local Conditions,10.668181818181818,5.880952380952381,8.02258064516129,7.6674999999999995
247,2019-11,ILI,0.015378614203703704,PM2.5 - Local Conditions,10.668181818181818,5.880952380952381,8.02258064516129,7.6674999999999995
248,2019-11,Influenza,0.0019546321442307692,PM2.5 - Local Conditions,10.668181818181818,5.880952380952381,8.02258064516129,7.6674999999999995
249,2019-11,RSV,0.003096685596153846,PM2.5 - Local Conditions,10.668181818181818,5.880952380952381,8.02258064516129,7.6674999999999995
250,2019-12,Broad Acute Respiratory,0.17303084257364343,PM2.5 - Local Conditions,12.302941176470588,10.668181818181818,5.880952380952381,8.02258064516129
251,2019-12,COVID-19,0.0,PM2.5 - Local Conditions,12.302941176470588,10.668181818181818,5.880952380952381,8.02258064516129
252,2019-12,ILI,0.03398413855223881,PM2.5 - Local Conditions,12.302941176470588,10.668181818181818,5.880952380952381,8.02258064516129
253,2019-12,Influenza,0.017746770651162792,PM2.5 - Local Conditions,12.302941176470588,10.668181818181818,5.880952380952381,8.02258064516129
254,2019-12,RSV,0.01293112984496124,PM2.5 - Local Conditions,12.302941176470588,10.668181818181818,5.880952380952381,8.02258064516129
258,2020-01,Influenza,0.03937471267961165,PM2.5 - Local Conditions,9.886111111111111,12.302941176470588,10.668181818181818,5.880952380952381
259,2020-01,RSV,0.00814141486407767,PM2.5 - Local Conditions,9.886111111111111,12.302941176470588,10.668181818181818,5.880952380952381
256,2020-01,COVID-19,0.0,PM2.5 - Local Conditions,9.886111111111111,12.302941176470588,10.668181818181818,5.880952380952381
255,2020-01,Broad Acute Respiratory,0.17633139383495147,PM2.5 - Local Conditions,9.886111111111111,12.302941176470588,10.668181818181818,5.880952380952381
257,2020-01,ILI,0.042982591457943926,PM2.5 - Local Conditions,9.886111111111111,12.302941176470588,10.668181818181818,5.880952380952381
260,2020-02,Broad Acute Respiratory,0.17989849939423078,PM2.5 - Local Conditions,9.471875,9.886111111111111,12.302941176470588,10.668181818181818
261,2020-02,COVID-19,0.0,PM2.5 - Local Conditions,9.471875,9.886111111111111,12.302941176470588,10.668181818181818
262,2020-02,ILI,0.041435616074074075,PM2.5 - Local Conditions,9.471875,9.886111111111111,12.302941176470588,10.668181818181818
263,2020-02,Influenza,0.04699613202884615,PM2.5 - Local Conditions,9.471875,9.886111111111111,12.302941176470588,10.668181818181818
264,2020-02,RSV,0.003508706423076923,PM2.5 - Local Conditions,9.471875,9.886111111111111,12.302941176470588,10.668181818181818
269,2020-03,RSV,0.0016442287054263566,PM2.5 - Local Conditions,8.213333333333333,9.471875,9.886111111111111,12.302941176470588
265,2020-03,Broad Acute Respiratory,0.2210516064496124,PM2.5 - Local Conditions,8.213333333333333,9.471875,9.886111111111111,12.302941176470588
266,2020-03,COVID-19,0.025794982496124032,PM2.5 - Local Conditions,8.213333333333333,9.471875,9.886111111111111,12.302941176470588
267,2020-03,ILI,0.04622415014925373,PM2.5 - Local Conditions,8.213333333333333,9.471875,9.886111111111111,12.302941176470588
268,2020-03,Influenza,0.01650762280620155,PM2.5 - Local Conditions,8.213333333333333,9.471875,9.886111111111111,12.302941176470588
272,2020-04,ILI,0.029933905324074073,PM2.5 - Local Conditions,7.591666666666666,8.213333333333333,9.471875,9.886111111111111
273,2020-04,Influenza,0.0012180165096153845,PM2.5 - Local Conditions,7.591666666666666,8.213333333333333,9.471875,9.886111111111111
270,2020-04,Broad Acute Respiratory,0.2319342521826923,PM2.5 - Local Conditions,7.591666666666666,8.213333333333333,9.471875,9.886111111111111
271,2020-04,COVID-19,0.11286578418269232,PM2.5 - Local Conditions,7.591666666666666,8.213333333333333,9.471875,9.886111111111111
274,2020-04,RSV,7.289508653846154e-06,PM2.5 - Local Conditions,7.591666666666666,8.213333333333333,9.471875,9.886111111111111
279,2020-05,RSV,2.01576359375e-05,PM2.5 - Local Conditions,6.585294117647059,7.591666666666666,8.213333333333333,9.471875
278,2020-05,Influenza,0.0003652429453125,PM2.5 - Local Conditions,6.585294117647059,7.591666666666666,8.213333333333333,9.471875
277,2020-05,ILI,0.015662765488721805,PM2.5 - Local Conditions,6.585294117647059,7.591666666666666,8.213333333333333,9.471875
276,2020-05,COVID-19,0.0779943088671875,PM2.5 - Local Conditions,6.585294117647059,7.591666666666666,8.213333333333333,9.471875
275,2020-05,Broad Acute Respiratory,0.162787813671875,PM2.5 - Local Conditions,6.585294117647059,7.591666666666666,8.213333333333333,9.471875
280,2020-06,Broad Acute Respiratory,0.08701968676923078,PM2.5 - Local Conditions,11.522727272727273,6.585294117647059,7.591666666666666,8.213333333333333
281,2020-06,COVID-19,0.02092239176923077,PM2.5 - Local Conditions,11.522727272727273,6.585294117647059,7.591666666666666,8.213333333333333
282,2020-06,ILI,0.006622684268518518,PM2.5 - Local Conditions,11.522727272727273,6.585294117647059,7.591666666666666,8.213333333333333
283,2020-06,Influenza,0.0001309600576923077,PM2.5 - Local Conditions,11.522727272727273,6.585294117647059,7.591666666666666,8.213333333333333
284,2020-06,RSV,0.0,PM2.5 - Local Conditions,11.522727272727273,6.585294117647059,7.591666666666666,8.213333333333333
285,2020-07,Broad Acute Respiratory,0.09018240186407767,PM2.5 - Local Conditions,9.113636363636363,11.522727272727273,6.585294117647059,7.591666666666666
286,2020-07,COVID-19,0.017137186902912622,PM2.5 - Local Conditions,9.113636363636363,11.522727272727273,6.585294117647059,7.591666666666666
287,2020-07,ILI,0.007015471345794393,PM2.5 - Local Conditions,9.113636363636363,11.522727272727273,6.585294117647059,7.591666666666666
288,2020-07,Influenza,0.0002761986990291262,PM2.5 - Local Conditions,9.113636363636363,11.522727272727273,6.585294117647059,7.591666666666666
289,2020-07,RSV,2.0474238834951454e-05,PM2.5 - Local Conditions,9.113636363636363,11.522727272727273,6.585294117647059,7.591666666666666
293,2020-08,Influenza,0.00022964617596899224,PM2.5 - Local Conditions,8.708333333333334,9.113636363636363,11.522727272727273,6.585294117647059
292,2020-08,ILI,0.0064919822835820895,PM2.5 - Local Conditions,8.708333333333334,9.113636363636363,11.522727272727273,6.585294117647059
294,2020-08,RSV,1.1738160465116279e-05,PM2.5 - Local Conditions,8.708333333333334,9.113636363636363,11.522727272727273,6.585294117647059
290,2020-08,Broad Acute Respiratory,0.0883210148372093,PM2.5 - Local Conditions,8.708333333333334,9.113636363636363,11.522727272727273,6.585294117647059
291,2020-08,COVID-19,0.017973437798449614,PM2.5 - Local Conditions,8.708333333333334,9.113636363636363,11.522727272727273,6.585294117647059
295,2020-09,Broad Acute Respiratory,0.09459898160194176,PM2.5 - Local Conditions,8.772,8.708333333333334,9.113636363636363,11.522727272727273
296,2020-09,COVID-19,0.015903251611650487,PM2.5 - Local Conditions,8.772,8.708333333333334,9.113636363636363,11.522727272727273
297,2020-09,ILI,0.007434817663551402,PM2.5 - Local Conditions,8.772,8.708333333333334,9.113636363636363,11.522727272727273
298,2020-09,Influenza,0.00016888771844660196,PM2.5 - Local Conditions,8.772,8.708333333333334,9.113636363636363,11.522727272727273
299,2020-09,RSV,5.673275145631068e-05,PM2.5 - Local Conditions,8.772,8.708333333333334,9.113636363636363,11.522727272727273
304,2020-10,RSV,2.0944434615384617e-05,PM2.5 - Local Conditions,6.795,8.772,8.708333333333334,9.113636363636363
303,2020-10,Influenza,0.0004837072019230769,PM2.5 - Local Conditions,6.795,8.772,8.708333333333334,9.113636363636363
302,2020-10,ILI,0.007928199648148148,PM2.5 - Local Conditions,6.795,8.772,8.708333333333334,9.113636363636363
300,2020-10,Broad Acute Respiratory,0.1145779685576923,PM2.5 - Local Conditions,6.795,8.772,8.708333333333334,9.113636363636363
301,2020-10,COVID-19,0.036786498836538464,PM2.5 - Local Conditions,6.795,8.772,8.708333333333334,9.113636363636363
305,2020-11,Broad Acute Respiratory,0.1773508609527559,PM2.5 - Local Conditions,8.721428571428572,6.795,8.772,8.708333333333334
306,2020-11,COVID-19,0.09680520661417323,PM2.5 - Local Conditions,8.721428571428572,6.795,8.772,8.708333333333334
307,2020-11,ILI,0.010426309113636364,PM2.5 - Local Conditions,8.721428571428572,6.795,8.772,8.708333333333334
308,2020-11,Influenza,0.0008767404803149606,PM2.5 - Local Conditions,8.721428571428572,6.795,8.772,8.708333333333334
309,2020-11,RSV,6.02685811023622e-05,PM2.5 - Local Conditions,8.721428571428572,6.795,8.772,8.708333333333334
314,2020-12,RSV,9.48377948051948e-05,PM2.5 - Local Conditions,12.714285714285714,8.721428571428572,6.795,8.772
313,2020-12,Influenza,0.0007398339350649351,PM2.5 - Local Conditions,12.714285714285714,8.721428571428572,6.795,8.772
312,2020-12,ILI,0.006812037925,PM2.5 - Local Conditions,12.714285714285714,8.721428571428572,6.795,8.772
311,2020-12,COVID-19,0.08503023418181818,PM2.5 - Local Conditions,12.714285714285714,8.721428571428572,6.795,8.772
310,2020-12,Broad Acute Respiratory,0.15812665453246755,PM2.5 - Local Conditions,12.714285714285714,8.721428571428572,6.795,8.772
315,2021-01,Broad Acute Respiratory,0.1274372205703125,PM2.5 - Local Conditions,9.957142857142857,12.714285714285714,8.721428571428572,6.795
316,2021-01,COVID-19,0.050946727890625,PM2.5 - Local Conditions,9.957142857142857,12.714285714285714,8.721428571428572,6.795
317,2021-01,ILI,0.005150907947368421,PM2.5 - Local Conditions,9.957142857142857,12.714285714285714,8.721428571428572,6.795
318,2021-01,Influenza,0.0004535457265625,PM2.5 - Local Conditions,9.957142857142857,12.714285714285714,8.721428571428572,6.795
319,2021-01,RSV,3.55179953125e-05,PM2.5 - Local Conditions,9.957142857142857,12.714285714285714,8.721428571428572,6.795
320,2021-02,Broad Acute Respiratory,0.090801955,PM2.5 - Local Conditions,13.366666666666665,9.957142857142857,12.714285714285714,8.721428571428572
321,2021-02,COVID-19,0.023823476721153848,PM2.5 - Local Conditions,13.366666666666665,9.957142857142857,12.714285714285714,8.721428571428572
322,2021-02,ILI,0.0035424122129629632,PM2.5 - Local Conditions,13.366666666666665,9.957142857142857,12.714285714285714,8.721428571428572
323,2021-02,Influenza,0.00016691775,PM2.5 - Local Conditions,13.366666666666665,9.957142857142857,12.714285714285714,8.721428571428572
324,2021-02,RSV,0.0,PM2.5 - Local Conditions,13.366666666666665,9.957142857142857,12.714285714285714,8.721428571428572
328,2021-03,Influenza,0.00021560707307692305,PM2.5 - Local Conditions,8.803571428571429,13.366666666666665,9.957142857142857,12.714285714285714
327,2021-03,ILI,0.005398669240740741,PM2.5 - Local Conditions,8.803571428571429,13.366666666666665,9.957142857142857,12.714285714285714
329,2021-03,RSV,3.850902019230769e-05,PM2.5 - Local Conditions,8.803571428571429,13.366666666666665,9.957142857142857,12.714285714285714
325,2021-03,Broad Acute Respiratory,0.10122123988461539,PM2.5 - Local Conditions,8.803571428571429,13.366666666666665,9.957142857142857,12.714285714285714
326,2021-03,COVID-19,0.027857553067307694,PM2.5 - Local Conditions,8.803571428571429,13.366666666666665,9.957142857142857,12.714285714285714
330,2021-04,Broad Acute Respiratory,0.1227224541372549,PM2.5 - Local Conditions,9.676470588235293,8.803571428571429,13.366666666666665,9.957142857142857
331,2021-04,COVID-19,0.04621562557843137,PM2.5 - Local Conditions,9.676470588235293,8.803571428571429,13.366666666666665,9.957142857142857
332,2021-04,ILI,0.006788888933962264,PM2.5 - Local Conditions,9.676470588235293,8.803571428571429,13.366666666666665,9.957142857142857
333,2021-04,Influenza,0.00018580888725490196,PM2.5 - Local Conditions,9.676470588235293,8.803571428571429,13.366666666666665,9.957142857142857
334,2021-04,RSV,0.0002587085137254902,PM2.5 - Local Conditions,9.676470588235293,8.803571428571429,13.366666666666665,9.957142857142857
339,2021-05,RSV,0.0005006804238461538,PM2.5 - Local Conditions,7.293333333333334,9.676470588235293,8.803571428571429,13.366666666666665
338,2021-05,Influenza,0.00015079019769230769,PM2.5 - Local Conditions,7.293333333333334,9.676470588235293,8.803571428571429,13.366666666666665
337,2021-05,ILI,0.006422710785185185,PM2.5 - Local Conditions,7.293333333333334,9.676470588235293,8.803571428571429,13.366666666666665
335,2021-05,Broad Acute Respiratory,0.10576158826923077,PM2.5 - Local Conditions,7.293333333333334,9.676470588235293,8.803571428571429,13.366666666666665
336,2021-05,COVID-19,0.024890266253846154,PM2.5 - Local Conditions,7.293333333333334,9.676470588235293,8.803571428571429,13.366666666666665
340,2021-06,Broad Acute Respiratory,0.09107768061165047,PM2.5 - Local Conditions,8.666666666666666,7.293333333333334,9.676470588235293,8.803571428571429
341,2021-06,COVID-19,0.005572606077669903,PM2.5 - Local Conditions,8.666666666666666,7.293333333333334,9.676470588235293,8.803571428571429
342,2021-06,ILI,0.0049727122897196266,PM2.5 - Local Conditions,8.666666666666666,7.293333333333334,9.676470588235293,8.803571428571429
343,2021-06,Influenza,0.00018477852427184466,PM2.5 - Local Conditions,8.666666666666666,7.293333333333334,9.676470588235293,8.803571428571429
344,2021-06,RSV,0.0009003874466019417,PM2.5 - Local Conditions,8.666666666666666,7.293333333333334,9.676470588235293,8.803571428571429
349,2021-07,RSV,0.0021448656634615385,PM2.5 - Local Conditions,10.874285714285715,8.666666666666666,7.293333333333334,9.676470588235293
348,2021-07,Influenza,0.00030150686249999997,PM2.5 - Local Conditions,10.874285714285715,8.666666666666666,7.293333333333334,9.676470588235293
347,2021-07,ILI,0.006361308861111111,PM2.5 - Local Conditions,10.874285714285715,8.666666666666666,7.293333333333334,9.676470588235293
346,2021-07,COVID-19,0.008399120375000001,PM2.5 - Local Conditions,10.874285714285715,8.666666666666666,7.293333333333334,9.676470588235293
345,2021-07,Broad Acute Respiratory,0.09864776879807692,PM2.5 - Local Conditions,10.874285714285715,8.666666666666666,7.293333333333334,9.676470588235293
350,2021-08,Broad Acute Respiratory,0.11587438833846153,PM2.5 - Local Conditions,11.005882352941176,10.874285714285715,8.666666666666666,7.293333333333334
351,2021-08,COVID-19,0.027409872853846155,PM2.5 - Local Conditions,11.005882352941176,10.874285714285715,8.666666666666666,7.293333333333334
352,2021-08,ILI,0.007901051118518519,PM2.5 - Local Conditions,11.005882352941176,10.874285714285715,8.666666666666666,7.293333333333334
353,2021-08,Influenza,0.00017498466384615382,PM2.5 - Local Conditions,11.005882352941176,10.874285714285715,8.666666666666666,7.293333333333334
354,2021-08,RSV,0.004018308092307693,PM2.5 - Local Conditions,11.005882352941176,10.874285714285715,8.666666666666666,7.293333333333334
355,2021-09,Broad Acute Respiratory,0.1196026505576923,PM2.5 - Local Conditions,8.111764705882353,11.005882352941176,10.874285714285715,8.666666666666666
356,2021-09,COVID-19,0.023049871807692305,PM2.5 - Local Conditions,8.111764705882353,11.005882352941176,10.874285714285715,8.666666666666666
357,2021-09,ILI,0.00892903874074074,PM2.5 - Local Conditions,8.111764705882353,11.005882352941176,10.874285714285715,8.666666666666666
358,2021-09,Influenza,0.00036834287307692306,PM2.5 - Local Conditions,8.111764705882353,11.005882352941176,10.874285714285715,8.666666666666666
359,2021-09,RSV,0.0042125240000000005,PM2.5 - Local Conditions,8.111764705882353,11.005882352941176,10.874285714285715,8.666666666666666
363,2021-10,Influenza,0.0003113255623076923,PM2.5 - Local Conditions,8.065714285714286,8.111764705882353,11.005882352941176,10.874285714285715
362,2021-10,ILI,0.007572375422222223,PM2.5 - Local Conditions,8.065714285714286,8.111764705882353,11.005882352941176,10.874285714285715
364,2021-10,RSV,0.0026664839307692307,PM2.5 - Local Conditions,8.065714285714286,8.111764705882353,11.005882352941176,10.874285714285715
360,2021-10,Broad Acute Respiratory,0.11570225432307692,PM2.5 - Local Conditions,8.065714285714286,8.111764705882353,11.005882352941176,10.874285714285715
361,2021-10,COVID-19,0.018115473369230767,PM2.5 - Local Conditions,8.065714285714286,8.111764705882353,11.005882352941176,10.874285714285715
365,2021-11,Broad Acute Respiratory,0.14449753528846154,PM2.5 - Local Conditions,7.527586206896552,8.065714285714286,8.111764705882353,11.005882352941176
366,2021-11,COVID-19,0.034574873894230765,PM2.5 - Local Conditions,7.527586206896552,8.065714285714286,8.111764705882353,11.005882352941176
367,2021-11,ILI,0.00901460925,PM2.5 - Local Conditions,7.527586206896552,8.065714285714286,8.111764705882353,11.005882352941176
368,2021-11,Influenza,0.0012100361057692309,PM2.5 - Local Conditions,7.527586206896552,8.065714285714286,8.111764705882353,11.005882352941176
369,2021-11,RSV,0.00321745575,PM2.5 - Local Conditions,7.527586206896552,8.065714285714286,8.111764705882353,11.005882352941176
374,2021-12,RSV,0.0022959226923076922,PM2.5 - Local Conditions,7.722222222222222,7.527586206896552,8.065714285714286,8.111764705882353
373,2021-12,Influenza,0.00307102725,PM2.5 - Local Conditions,7.722222222222222,7.527586206896552,8.065714285714286,8.111764705882353
372,2021-12,ILI,0.014607983777777778,PM2.5 - Local Conditions,7.722222222222222,7.527586206896552,8.065714285714286,8.111764705882353
370,2021-12,Broad Acute Respiratory,0.21676598589423077,PM2.5 - Local Conditions,7.722222222222222,7.527586206896552,8.065714285714286,8.111764705882353
371,2021-12,COVID-19,0.11403975686538462,PM2.5 - Local Conditions,7.722222222222222,7.527586206896552,8.065714285714286,8.111764705882353
375,2022-01,Broad Acute Respiratory,0.1824696587923077,PM2.5 - Local Conditions,8.192592592592591,7.722222222222222,7.527586206896552,8.065714285714286
376,2022-01,COVID-19,0.09675553371538462,PM2.5 - Local Conditions,8.192592592592591,7.722222222222222,7.527586206896552,8.065714285714286
377,2022-01,ILI,0.006961294525925926,PM2.5 - Local Conditions,8.192592592592591,7.722222222222222,7.527586206896552,8.065714285714286
378,2022-01,Influenza,0.0008376239153846153,PM2.5 - Local Conditions,8.192592592592591,7.722222222222222,7.527586206896552,8.065714285714286
379,2022-01,RSV,0.0008671700384615384,PM2.5 - Local Conditions,8.192592592592591,7.722222222222222,7.527586206896552,8.065714285714286
384,2022-02,RSV,0.0004981325,PM2.5 - Local Conditions,8.820689655172414,8.192592592592591,7.722222222222222,7.527586206896552
383,2022-02,Influenza,0.000783728326923077,PM2.5 - Local Conditions,8.820689655172414,8.192592592592591,7.722222222222222,7.527586206896552
382,2022-02,ILI,0.004007336564814815,PM2.5 - Local Conditions,8.820689655172414,8.192592592592591,7.722222222222222,7.527586206896552
381,2022-02,COVID-19,0.013360167278846154,PM2.5 - Local Conditions,8.820689655172414,8.192592592592591,7.722222222222222,7.527586206896552
380,2022-02,Broad Acute Respiratory,0.10210915201923076,PM2.5 - Local Conditions,8.820689655172414,8.192592592592591,7.722222222222222,7.527586206896552
385,2022-03,Broad Acute Respiratory,0.10624905794230768,PM2.5 - Local Conditions,6.164285714285714,8.820689655172414,8.192592592592591,7.722222222222222
386,2022-03,COVID-19,0.005822091615384615,PM2.5 - Local Conditions,6.164285714285714,8.820689655172414,8.192592592592591,7.722222222222222
387,2022-03,ILI,0.0067049162962962965,PM2.5 - Local Conditions,6.164285714285714,8.820689655172414,8.192592592592591,7.722222222222222
388,2022-03,Influenza,0.0040649394134615385,PM2.5 - Local Conditions,6.164285714285714,8.820689655172414,8.192592592592591,7.722222222222222
389,2022-03,RSV,0.0006357417538461538,PM2.5 - Local Conditions,6.164285714285714,8.820689655172414,8.192592592592591,7.722222222222222
390,2022-04,Broad Acute Respiratory,0.12450085513461538,PM2.5 - Local Conditions,8.527586206896553,6.164285714285714,8.820689655172414,8.192592592592591
391,2022-04,COVID-19,0.010359031298076924,PM2.5 - Local Conditions,8.527586206896553,6.164285714285714,8.820689655172414,8.192592592592591
392,2022-04,ILI,0.009644625574074073,PM2.5 - Local Conditions,8.527586206896553,6.164285714285714,8.820689655172414,8.192592592592591
393,2022-04,Influenza,0.008443860480769231,PM2.5 - Local Conditions,8.527586206896553,6.164285714285714,8.820689655172414,8.192592592592591
394,2022-04,RSV,0.0006292650865384615,PM2.5 - Local Conditions,8.527586206896553,6.164285714285714,8.820689655172414,8.192592592592591
398,2022-05,Influenza,0.006024239638461539,PM2.5 - Local Conditions,8.676666666666668,8.527586206896553,6.164285714285714,8.820689655172414
397,2022-05,ILI,0.009846799192592593,PM2.5 - Local Conditions,8.676666666666668,8.527586206896553,6.164285714285714,8.820689655172414
399,2022-05,RSV,0.0007344604538461538,PM2.5 - Local Conditions,8.676666666666668,8.527586206896553,6.164285714285714,8.820689655172414
395,2022-05,Broad Acute Respiratory,0.1328778416769231,PM2.5 - Local Conditions,8.676666666666668,8.527586206896553,6.164285714285714,8.820689655172414
396,2022-05,COVID-19,0.02308215943846154,PM2.5 - Local Conditions,8.676666666666668,8.527586206896553,6.164285714285714,8.820689655172414
400,2022-06,Broad Acute Respiratory,0.11320601271153846,PM2.5 - Local Conditions,7.430000000000001,8.676666666666668,8.527586206896553,6.164285714285714
401,2022-06,COVID-19,0.025561823230769228,PM2.5 - Local Conditions,7.430000000000001,8.676666666666668,8.527586206896553,6.164285714285714
402,2022-06,ILI,0.007573138944444445,PM2.5 - Local Conditions,7.430000000000001,8.676666666666668,8.527586206896553,6.164285714285714
403,2022-06,Influenza,0.0010822058557692308,PM2.5 - Local Conditions,7.430000000000001,8.676666666666668,8.527586206896553,6.164285714285714
404,2022-06,RSV,0.0005581438807692308,PM2.5 - Local Conditions,7.430000000000001,8.676666666666668,8.527586206896553,6.164285714285714
409,2022-07,RSV,0.0007872095434108526,PM2.5 - Local Conditions,9.428125,7.430000000000001,8.676666666666668,8.527586206896553
408,2022-07,Influenza,0.0004461882511627907,PM2.5 - Local Conditions,9.428125,7.430000000000001,8.676666666666668,8.527586206896553
407,2022-07,ILI,0.006330340014925374,PM2.5 - Local Conditions,9.428125,7.430000000000001,8.676666666666668,8.527586206896553
405,2022-07,Broad Acute Respiratory,0.1085681929767442,PM2.5 - Local Conditions,9.428125,7.430000000000001,8.676666666666668,8.527586206896553
406,2022-07,COVID-19,0.03183614972868217,PM2.5 - Local Conditions,9.428125,7.430000000000001,8.676666666666668,8.527586206896553
410,2022-08,Broad Acute Respiratory,0.11715494795192308,PM2.5 - Local Conditions,8.396666666666667,9.428125,7.430000000000001,8.676666666666668
411,2022-08,COVID-19,0.02790473005769231,PM2.5 - Local Conditions,8.396666666666667,9.428125,7.430000000000001,8.676666666666668
412,2022-08,ILI,0.0062223775,PM2.5 - Local Conditions,8.396666666666667,9.428125,7.430000000000001,8.676666666666668
413,2022-08,Influenza,0.0007215496538461539,PM2.5 - Local Conditions,8.396666666666667,9.428125,7.430000000000001,8.676666666666668
414,2022-08,RSV,0.0022927784423076923,PM2.5 - Local Conditions,8.396666666666667,9.428125,7.430000000000001,8.676666666666668
419,2022-09,RSV,0.005939861009615384,PM2.5 - Local Conditions,8.353333333333333,8.396666666666667,9.428125,7.430000000000001
418,2022-09,Influenza,0.0008745965576923078,PM2.5 - Local Conditions,8.353333333333333,8.396666666666667,9.428125,7.430000000000001
416,2022-09,COVID-19,0.018238806884615384,PM2.5 - Local Conditions,8.353333333333333,8.396666666666667,9.428125,7.430000000000001
417,2022-09,ILI,0.00878155412962963,PM2.5 - Local Conditions,8.353333333333333,8.396666666666667,9.428125,7.430000000000001
415,2022-09,Broad Acute Respiratory,0.13949295379807694,PM2.5 - Local Conditions,8.353333333333333,8.396666666666667,9.428125,7.430000000000001
420,2022-10,Broad Acute Respiratory,0.16899728043846154,PM2.5 - Local Conditions,7.403448275862069,8.353333333333333,8.396666666666667,9.428125
421,2022-10,COVID-19,0.01852326160769231,PM2.5 - Local Conditions,7.403448275862069,8.353333333333333,8.396666666666667,9.428125
422,2022-10,ILI,0.015678960977777778,PM2.5 - Local Conditions,7.403448275862069,8.353333333333333,8.396666666666667,9.428125
423,2022-10,Influenza,0.004989802946153846,PM2.5 - Local Conditions,7.403448275862069,8.353333333333333,8.396666666666667,9.428125
424,2022-10,RSV,0.015464635361538463,PM2.5 - Local Conditions,7.403448275862069,8.353333333333333,8.396666666666667,9.428125
425,2022-11,Broad Acute Respiratory,0.19186259301923075,PM2.5 - Local Conditions,10.183333333333334,7.403448275862069,8.353333333333333,8.396666666666667
426,2022-11,COVID-19,0.024555699346153845,PM2.5 - Local Conditions,10.183333333333334,7.403448275862069,8.353333333333333,8.396666666666667
427,2022-11,ILI,0.027607705722222223,PM2.5 - Local Conditions,10.183333333333334,7.403448275862069,8.353333333333333,8.396666666666667
428,2022-11,Influenza,0.04357901117307693,PM2.5 - Local Conditions,10.183333333333334,7.403448275862069,8.353333333333333,8.396666666666667
429,2022-11,RSV,0.009561554221153847,PM2.5 - Local Conditions,10.183333333333334,7.403448275862069,8.353333333333333,8.396666666666667
433,2022-12,Influenza,0.03410384314423077,PM2.5 - Local Conditions,13.415151515151514,10.183333333333334,7.403448275862069,8.353333333333333
432,2022-12,ILI,0.019613991435185184,PM2.5 - Local Conditions,13.415151515151514,10.183333333333334,7.403448275862069,8.353333333333333
434,2022-12,RSV,0.0035786722115384614,PM2.5 - Local Conditions,13.415151515151514,10.183333333333334,7.403448275862069,8.353333333333333
430,2022-12,Broad Acute Respiratory,0.18375681348076922,PM2.5 - Local Conditions,13.415151515151514,10.183333333333334,7.403448275862069,8.353333333333333
431,2022-12,COVID-19,0.031774090125,PM2.5 - Local Conditions,13.415151515151514,10.183333333333334,7.403448275862069,8.353333333333333
435,2023-01,Broad Acute Respiratory,0.13822056251538462,PM2.5 - Local Conditions,9.513333333333332,13.415151515151514,10.183333333333334,7.403448275862069
436,2023-01,COVID-19,0.021512432569230768,PM2.5 - Local Conditions,9.513333333333332,13.415151515151514,10.183333333333334,7.403448275862069
437,2023-01,ILI,0.008534887985185187,PM2.5 - Local Conditions,9.513333333333332,13.415151515151514,10.183333333333334,7.403448275862069
438,2023-01,Influenza,0.004333156,PM2.5 - Local Conditions,9.513333333333332,13.415151515151514,10.183333333333334,7.403448275862069
439,2023-01,RSV,0.0017422341692307694,PM2.5 - Local Conditions,9.513333333333332,13.415151515151514,10.183333333333334,7.403448275862069
444,2023-02,RSV,0.0008404368442307692,PM2.5 - Local Conditions,8.996,9.513333333333332,13.415151515151514,10.183333333333334
443,2023-02,Influenza,0.0014759862596153846,PM2.5 - Local Conditions,8.996,9.513333333333332,13.415151515151514,10.183333333333334
442,2023-02,ILI,0.009699517972222222,PM2.5 - Local Conditions,8.996,9.513333333333332,13.415151515151514,10.183333333333334
440,2023-02,Broad Acute Respiratory,0.13044834575,PM2.5 - Local Conditions,8.996,9.513333333333332,13.415151515151514,10.183333333333334
441,2023-02,COVID-19,0.017653810346153844,PM2.5 - Local Conditions,8.996,9.513333333333332,13.415151515151514,10.183333333333334
445,2023-03,Broad Acute Respiratory,0.14029215417307692,PM2.5 - Local Conditions,7.327272727272728,8.996,9.513333333333332,13.415151515151514
446,2023-03,COVID-19,0.016087409826923076,PM2.5 - Local Conditions,7.327272727272728,8.996,9.513333333333332,13.415151515151514
447,2023-03,ILI,0.010338190796296297,PM2.5 - Local Conditions,7.327272727272728,8.996,9.513333333333332,13.415151515151514
448,2023-03,Influenza,0.0013929953365384615,PM2.5 - Local Conditions,7.327272727272728,8.996,9.513333333333332,13.415151515151514
449,2023-03,RSV,0.00038381938365384614,PM2.5 - Local Conditions,7.327272727272728,8.996,9.513333333333332,13.415151515151514
454,2023-04,RSV,0.0002617237769230769,PM2.5 - Local Conditions,7.66774193548387,7.327272727272728,8.996,9.513333333333332
453,2023-04,Influenza,0.0014441698230769232,PM2.5 - Local Conditions,7.66774193548387,7.327272727272728,8.996,9.513333333333332
452,2023-04,ILI,0.007931137296296296,PM2.5 - Local Conditions,7.66774193548387,7.327272727272728,8.996,9.513333333333332
451,2023-04,COVID-19,0.009718137976923077,PM2.5 - Local Conditions,7.66774193548387,7.327272727272728,8.996,9.513333333333332
450,2023-04,Broad Acute Respiratory,0.12543114132307692,PM2.5 - Local Conditions,7.66774193548387,7.327272727272728,8.996,9.513333333333332
455,2023-05,Broad Acute Respiratory,0.11258735454807692,PM2.5 - Local Conditions,10.226666666666667,7.66774193548387,7.327272727272728,8.996
456,2023-05,COVID-19,0.006031960153846153,PM2.5 - Local Conditions,10.226666666666667,7.66774193548387,7.327272727272728,8.996
457,2023-05,ILI,0.007914516777777778,PM2.5 - Local Conditions,10.226666666666667,7.66774193548387,7.327272727272728,8.996
458,2023-05,Influenza,0.0015090946538461538,PM2.5 - Local Conditions,10.226666666666667,7.66774193548387,7.327272727272728,8.996
459,2023-05,RSV,0.0002282959971153846,PM2.5 - Local Conditions,10.226666666666667,7.66774193548387,7.327272727272728,8.996
460,2023-06,Broad Acute Respiratory,0.09482699459615386,PM2.5 - Local Conditions,20.70689655172414,10.226666666666667,7.66774193548387,7.327272727272728
461,2023-06,COVID-19,0.004096325451923077,PM2.5 - Local Conditions,20.70689655172414,10.226666666666667,7.66774193548387,7.327272727272728
462,2023-06,ILI,0.004997893722222223,PM2.5 - Local Conditions,20.70689655172414,10.226666666666667,7.66774193548387,7.327272727272728
463,2023-06,Influenza,0.000697789826923077,PM2.5 - Local Conditions,20.70689655172414,10.226666666666667,7.66774193548387,7.327272727272728
464,2023-06,RSV,7.996439134615384e-05,PM2.5 - Local Conditions,20.70689655172414,10.226666666666667,7.66774193548387,7.327272727272728
468,2023-07,Influenza,0.0006134799923076923,PM2.5 - Local Conditions,10.963333333333333,20.70689655172414,10.226666666666667,7.66774193548387
467,2023-07,ILI,0.003909863918518519,PM2.5 - Local Conditions,10.963333333333333,20.70689655172414,10.226666666666667,7.66774193548387
469,2023-07,RSV,0.0001609656276923077,PM2.5 - Local Conditions,10.963333333333333,20.70689655172414,10.226666666666667,7.66774193548387
465,2023-07,Broad Acute Respiratory,0.0884914156923077,PM2.5 - Local Conditions,10.963333333333333,20.70689655172414,10.226666666666667,7.66774193548387
466,2023-07,COVID-19,0.004924030446153846,PM2.5 - Local Conditions,10.963333333333333,20.70689655172414,10.226666666666667,7.66774193548387
470,2023-08,Broad Acute Respiratory,0.10603164585576923,PM2.5 - Local Conditions,11.903125,10.963333333333333,20.70689655172414,10.226666666666667
471,2023-08,COVID-19,0.01204902998076923,PM2.5 - Local Conditions,11.903125,10.963333333333333,20.70689655172414,10.226666666666667
472,2023-08,ILI,0.006525271074074074,PM2.5 - Local Conditions,11.903125,10.963333333333333,20.70689655172414,10.226666666666667
473,2023-08,Influenza,0.0007198410673076923,PM2.5 - Local Conditions,11.903125,10.963333333333333,20.70689655172414,10.226666666666667
474,2023-08,RSV,0.00026870631442307694,PM2.5 - Local Conditions,11.903125,10.963333333333333,20.70689655172414,10.226666666666667
479,2023-09,RSV,0.0011438639173076922,PM2.5 - Local Conditions,10.333333333333334,11.903125,10.963333333333333,20.70689655172414
478,2023-09,Influenza,0.0011291969807692306,PM2.5 - Local Conditions,10.333333333333334,11.903125,10.963333333333333,20.70689655172414
477,2023-09,ILI,0.00962062611111111,PM2.5 - Local Conditions,10.333333333333334,11.903125,10.963333333333333,20.70689655172414
475,2023-09,Broad Acute Respiratory,0.13041804756730768,PM2.5 - Local Conditions,10.333333333333334,11.903125,10.963333333333333,20.70689655172414
476,2023-09,COVID-19,0.013315508528846155,PM2.5 - Local Conditions,10.333333333333334,11.903125,10.963333333333333,20.70689655172414
480,2023-10,Broad Acute Respiratory,0.1321122901492308,PM2.5 - Local Conditions,7.376666666666667,10.333333333333334,11.903125,10.963333333333333
481,2023-10,COVID-19,0.01096339554,PM2.5 - Local Conditions,7.376666666666667,10.333333333333334,11.903125,10.963333333333333
482,2023-10,ILI,0.011258100322962962,PM2.5 - Local Conditions,7.376666666666667,10.333333333333334,11.903125,10.963333333333333
483,2023-10,Influenza,0.002348278889230769,PM2.5 - Local Conditions,7.376666666666667,10.333333333333334,11.903125,10.963333333333333
484,2023-10,RSV,0.004935937087692308,PM2.5 - Local Conditions,7.376666666666667,10.333333333333334,11.903125,10.963333333333333
488,2023-11,Influenza,0.008545684122330097,PM2.5 - Local Conditions,9.993333333333334,7.376666666666667,10.333333333333334,11.903125
489,2023-11,RSV,0.014819695332038835,PM2.5 - Local Conditions,9.993333333333334,7.376666666666667,10.333333333333334,11.903125
486,2023-11,COVID-19,0.02058033450097087,PM2.5 - Local Conditions,9.993333333333334,7.376666666666667,10.333333333333334,11.903125
485,2023-11,Broad Acute Respiratory,0.17007377640582522,PM2.5 - Local Conditions,9.993333333333334,7.376666666666667,10.333333333333334,11.903125
487,2023-11,ILI,0.01623426482056075,PM2.5 - Local Conditions,9.993333333333334,7.376666666666667,10.333333333333334,11.903125
490,2023-12,Broad Acute Respiratory,0.19522285620000002,PM2.5 - Local Conditions,8.427586206896551,9.993333333333334,7.376666666666667,10.333333333333334
491,2023-12,COVID-19,0.026695007734615386,PM2.5 - Local Conditions,8.427586206896551,9.993333333333334,7.376666666666667,10.333333333333334
492,2023-12,ILI,0.022421555503703703,PM2.5 - Local Conditions,8.427586206896551,9.993333333333334,7.376666666666667,10.333333333333334
493,2023-12,Influenza,0.030335266793076923,PM2.5 - Local Conditions,8.427586206896551,9.993333333333334,7.376666666666667,10.333333333333334
494,2023-12,RSV,0.011041922293076923,PM2.5 - Local Conditions,8.427586206896551,9.993333333333334,7.376666666666667,10.333333333333334
495,2024-01,Broad Acute Respiratory,0.14823725796346154,PM2.5 - Local Conditions,7.35625,8.427586206896551,9.993333333333334,7.376666666666667
496,2024-01,COVID-19,0.018495241491346154,PM2.5 - Local Conditions,7.35625,8.427586206896551,9.993333333333334,7.376666666666667
497,2024-01,ILI,0.014172411288888888,PM2.5 - Local Conditions,7.35625,8.427586206896551,9.993333333333334,7.376666666666667
498,2024-01,Influenza,0.017718934385576923,PM2.5 - Local Conditions,7.35625,8.427586206896551,9.993333333333334,7.376666666666667
499,2024-01,RSV,0.006283163398076923,PM2.5 - Local Conditions,7.35625,8.427586206896551,9.993333333333334,7.376666666666667
504,2024-02,RSV,0.002680512541346154,PM2.5 - Local Conditions,10.94814814814815,7.35625,8.427586206896551,9.993333333333334
503,2024-02,Influenza,0.015910492725,PM2.5 - Local Conditions,10.94814814814815,7.35625,8.427586206896551,9.993333333333334
502,2024-02,ILI,0.012865942587962963,PM2.5 - Local Conditions,10.94814814814815,7.35625,8.427586206896551,9.993333333333334
501,2024-02,COVID-19,0.013287493105769231,PM2.5 - Local Conditions,10.94814814814815,7.35625,8.427586206896551,9.993333333333334
500,2024-02,Broad Acute Respiratory,0.1504128464076923,PM2.5 - Local Conditions,10.94814814814815,7.35625,8.427586206896551,9.993333333333334
505,2024-03,Broad Acute Respiratory,0.13925159109153848,PM2.5 - Local Conditions,7.117647058823529,10.94814814814815,7.35625,8.427586206896551
506,2024-03,COVID-19,0.007220003409230769,PM2.5 - Local Conditions,7.117647058823529,10.94814814814815,7.35625,8.427586206896551
507,2024-03,ILI,0.013864073609629629,PM2.5 - Local Conditions,7.117647058823529,10.94814814814815,7.35625,8.427586206896551
508,2024-03,Influenza,0.016862977689230767,PM2.5 - Local Conditions,7.117647058823529,10.94814814814815,7.35625,8.427586206896551
509,2024-03,RSV,0.0018809051707692308,PM2.5 - Local Conditions,7.117647058823529,10.94814814814815,7.35625,8.427586206896551
510,2024-04,Broad Acute Respiratory,0.14397087136826922,PM2.5 - Local Conditions,4.136666666666667,7.117647058823529,10.94814814814815,7.35625
511,2024-04,COVID-19,0.004569960110576923,PM2.5 - Local Conditions,4.136666666666667,7.117647058823529,10.94814814814815,7.35625
512,2024-04,ILI,0.009895985701851852,PM2.5 - Local Conditions,4.136666666666667,7.117647058823529,10.94814814814815,7.35625
513,2024-04,Influenza,0.008412696510576924,PM2.5 - Local Conditions,4.136666666666667,7.117647058823529,10.94814814814815,7.35625
514,2024-04,RSV,0.0009809204221153847,PM2.5 - Local Conditions,4.136666666666667,7.117647058823529,10.94814814814815,7.35625
518,2024-05,Influenza,0.002188638101923077,PM2.5 - Local Conditions,6.61,4.136666666666667,7.117647058823529,10.94814814814815
517,2024-05,ILI,0.007788725096296296,PM2.5 - Local Conditions,6.61,4.136666666666667,7.117647058823529,10.94814814814815
519,2024-05,RSV,0.0004536593230769231,PM2.5 - Local Conditions,6.61,4.136666666666667,7.117647058823529,10.94814814814815
515,2024-05,Broad Acute Respiratory,0.11416677448076923,PM2.5 - Local Conditions,6.61,4.136666666666667,7.117647058823529,10.94814814814815
516,2024-05,COVID-19,0.0035326439884615386,PM2.5 - Local Conditions,6.61,4.136666666666667,7.117647058823529,10.94814814814815
520,2024-06,Broad Acute Respiratory,0.09822655393923077,PM2.5 - Local Conditions,7.441379310344828,6.61,4.136666666666667,7.117647058823529
521,2024-06,COVID-19,0.00686301267,PM2.5 - Local Conditions,7.441379310344828,6.61,4.136666666666667,7.117647058823529
522,2024-06,ILI,0.005489235708148148,PM2.5 - Local Conditions,7.441379310344828,6.61,4.136666666666667,7.117647058823529
523,2024-06,Influenza,0.0011484261484615383,PM2.5 - Local Conditions,7.441379310344828,6.61,4.136666666666667,7.117647058823529
524,2024-06,RSV,0.00022610102538461537,PM2.5 - Local Conditions,7.441379310344828,6.61,4.136666666666667,7.117647058823529
525,2024-07,Broad Acute Respiratory,0.10008348816057692,PM2.5 - Local Conditions,9.351612903225806,7.441379310344828,6.61,4.136666666666667
526,2024-07,COVID-19,0.013373264852884616,PM2.5 - Local Conditions,9.351612903225806,7.441379310344828,6.61,4.136666666666667
527,2024-07,ILI,0.005062524025925926,PM2.5 - Local Conditions,9.351612903225806,7.441379310344828,6.61,4.136666666666667
528,2024-07,Influenza,0.00044968876057692307,PM2.5 - Local Conditions,9.351612903225806,7.441379310344828,6.61,4.136666666666667
529,2024-07,RSV,5.51325951923077e-05,PM2.5 - Local Conditions,9.351612903225806,7.441379310344828,6.61,4.136666666666667
533,2024-08,Influenza,0.0006622092355769231,PM2.5 - Local Conditions,7.71875,9.351612903225806,7.441379310344828,6.61
532,2024-08,ILI,0.006032234807407407,PM2.5 - Local Conditions,7.71875,9.351612903225806,7.441379310344828,6.61
534,2024-08,RSV,0.00031493236346153845,PM2.5 - Local Conditions,7.71875,9.351612903225806,7.441379310344828,6.61
530,2024-08,Broad Acute Respiratory,0.0995393798403846,PM2.5 - Local Conditions,7.71875,9.351612903225806,7.441379310344828,6.61
531,2024-08,COVID-19,0.01746559890673077,PM2.5 - Local Conditions,7.71875,9.351612903225806,7.441379310344828,6.61
535,2024-09,Broad Acute Respiratory,0.11391221809538461,PM2.5 - Local Conditions,8.376666666666667,7.71875,9.351612903225806,7.441379310344828
536,2024-09,COVID-19,0.010174888672307692,PM2.5 - Local Conditions,8.376666666666667,7.71875,9.351612903225806,7.441379310344828
537,2024-09,ILI,0.0077356408911111105,PM2.5 - Local Conditions,8.376666666666667,7.71875,9.351612903225806,7.441379310344828
538,2024-09,Influenza,0.0006662927107692308,PM2.5 - Local Conditions,8.376666666666667,7.71875,9.351612903225806,7.441379310344828
539,2024-09,RSV,0.00023566507,PM2.5 - Local Conditions,8.376666666666667,7.71875,9.351612903225806,7.441379310344828
544,2024-10,RSV,0.0014980552576923077,PM2.5 - Local Conditions,8.35503303144654,8.376666666666667,7.71875,9.351612903225806
543,2024-10,Influenza,0.0012527777807692308,PM2.5 - Local Conditions,8.35503303144654,8.376666666666667,7.71875,9.351612903225806
541,2024-10,COVID-19,0.004111008367307692,PM2.5 - Local Conditions,8.35503303144654,8.376666666666667,7.71875,9.351612903225806
540,2024-10,Broad Acute Respiratory,0.12061121374423077,PM2.5 - Local Conditions,8.35503303144654,8.376666666666667,7.71875,9.351612903225806
542,2024-10,ILI,0.008385809485185185,PM2.5 - Local Conditions,8.35503303144654,8.376666666666667,7.71875,9.351612903225806
549,2024-11,RSV,0.0060306646461538455,PM2.5 - Local Conditions,6.440125350202429,8.35503303144654,8.376666666666667,7.71875
545,2024-11,Broad Acute Respiratory,0.1489100830846154,PM2.5 - Local Conditions,6.440125350202429,8.35503303144654,8.376666666666667,7.71875
546,2024-11,COVID-19,0.0050460452163461535,PM2.5 - Local Conditions,6.440125350202429,8.35503303144654,8.376666666666667,7.71875
547,2024-11,ILI,0.010286724420370371,PM2.5 - Local Conditions,6.440125350202429,8.35503303144654,8.376666666666667,7.71875
548,2024-11,Influenza,0.002101859073076923,PM2.5 - Local Conditions,6.440125350202429,8.35503303144654,8.376666666666667,7.71875
552,2024-12,ILI,0.019442681482962965,PM2.5 - Local Conditions,8.345001976190476,6.440125350202429,8.35503303144654,8.376666666666667
553,2024-12,Influenza,0.026790371356153846,PM2.5 - Local Conditions,8.345001976190476,6.440125350202429,8.35503303144654,8.376666666666667
550,2024-12,Broad Acute Respiratory,0.1801176767423077,PM2.5 - Local Conditions,8.345001976190476,6.440125350202429,8.35503303144654,8.376666666666667
551,2024-12,COVID-19,0.009052189256923077,PM2.5 - Local Conditions,8.345001976190476,6.440125350202429,8.35503303144654,8.376666666666667
554,2024-12,RSV,0.015256645777692309,PM2.5 - Local Conditions,8.345001976190476,6.440125350202429,8.35503303144654,8.376666666666667
